[
{
  "model": "webapp.to_do_list",
  "pk": 4,
  "fields": {
    "summary": "Test 1",
    "description": "test1",
    "status": 3,
    "project": 1,
    "created_at": "2020-08-05T06:04:27.720Z",
    "updated_at": "2020-08-14T18:25:00.050Z",
    "issue": [
      2
    ]
  }
},
{
  "model": "webapp.to_do_list",
  "pk": 5,
  "fields": {
    "summary": "test timerrr",
    "description": "kekkkk",
    "status": 1,
    "project": 1,
    "created_at": "2020-08-05T13:23:16.298Z",
    "updated_at": "2020-08-14T18:25:00.050Z",
    "issue": [
      3
    ]
  }
},
{
  "model": "webapp.to_do_list",
  "pk": 6,
  "fields": {
    "summary": "lolz",
    "description": "asdasd",
    "status": 1,
    "project": 1,
    "created_at": "2020-08-08T09:25:36.364Z",
    "updated_at": "2020-08-14T18:25:00.050Z",
    "issue": [
      1,
      2
    ]
  }
},
{
  "model": "webapp.to_do_list",
  "pk": 7,
  "fields": {
    "summary": "lolz",
    "description": "asdasd",
    "status": 1,
    "project": 1,
    "created_at": "2020-08-08T09:25:49.000Z",
    "updated_at": "2020-08-14T18:25:00.050Z",
    "issue": [
      1,
      2
    ]
  }
},
{
  "model": "webapp.to_do_list",
  "pk": 8,
  "fields": {
    "summary": "lolz",
    "description": "asdasd",
    "status": 1,
    "project": 1,
    "created_at": "2020-08-08T09:27:16.438Z",
    "updated_at": "2020-08-14T18:25:00.050Z",
    "issue": [
      1,
      2
    ]
  }
},
{
  "model": "webapp.to_do_list",
  "pk": 9,
  "fields": {
    "summary": "bug",
    "description": "asdasd",
    "status": 1,
    "project": 1,
    "created_at": "2020-08-08T09:27:45.557Z",
    "updated_at": "2020-08-14T18:25:00.050Z",
    "issue": [
      1,
      2
    ]
  }
},
{
  "model": "webapp.to_do_list",
  "pk": 10,
  "fields": {
    "summary": "Bug",
    "description": "asdasd",
    "status": 1,
    "project": 1,
    "created_at": "2020-08-08T09:54:56.209Z",
    "updated_at": "2020-08-14T18:25:00.050Z",
    "issue": [
      1,
      2
    ]
  }
},
{
  "model": "webapp.to_do_list",
  "pk": 11,
  "fields": {
    "summary": "test with queryset",
    "description": "kekw",
    "status": 1,
    "project": 1,
    "created_at": "2020-08-08T09:57:20.758Z",
    "updated_at": "2020-08-14T18:25:00.050Z",
    "issue": [
      2
    ]
  }
},
{
  "model": "webapp.to_do_list",
  "pk": 12,
  "fields": {
    "summary": "test queryset 2",
    "description": "i did it!!!",
    "status": 3,
    "project": 1,
    "created_at": "2020-08-08T10:00:40.470Z",
    "updated_at": "2020-08-14T18:25:00.050Z",
    "issue": [
      2
    ]
  }
},
{
  "model": "webapp.to_do_list",
  "pk": 13,
  "fields": {
    "summary": "new test 1-2-3",
    "description": "kekekekekek",
    "status": 1,
    "project": 1,
    "created_at": "2020-08-09T07:48:30.089Z",
    "updated_at": "2020-08-14T18:25:00.050Z",
    "issue": [
      2,
      3
    ]
  }
},
{
  "model": "webapp.to_do_list",
  "pk": 14,
  "fields": {
    "summary": "do Home_WORK ASAP",
    "description": "make it great ?",
    "status": 2,
    "project": 1,
    "created_at": "2020-08-10T18:08:37.742Z",
    "updated_at": "2020-08-14T18:25:00.050Z",
    "issue": [
      2,
      3
    ]
  }
},
{
  "model": "webapp.to_do_list",
  "pk": 15,
  "fields": {
    "summary": "check first task",
    "description": "is it work ?!",
    "status": 3,
    "project": 1,
    "created_at": "2020-08-10T18:11:09.891Z",
    "updated_at": "2020-08-14T18:25:00.050Z",
    "issue": [
      1,
      2
    ]
  }
},
{
  "model": "webapp.to_do_list",
  "pk": 16,
  "fields": {
    "summary": "for testing",
    "description": "looolzaasdasdasdadasdsa",
    "status": 3,
    "project": 1,
    "created_at": "2020-08-14T19:37:58.442Z",
    "updated_at": "2020-08-14T19:37:58.442Z",
    "issue": [
      2
    ]
  }
},
{
  "model": "webapp.to_do_list",
  "pk": 18,
  "fields": {
    "summary": "\u0444\u0432\u0444\u044b\u0432\u0444\u044b\u0432\u0444\u044b\u0432\u0444",
    "description": "\u0444\u044b\u0432\u0444\u0432\u0444\u044b\u0432\u0444\u044b\u0432\u0444\u044b",
    "status": 1,
    "project": 1,
    "created_at": "2020-08-14T20:02:23.588Z",
    "updated_at": "2020-08-14T20:02:23.588Z",
    "issue": [
      2
    ]
  }
},
{
  "model": "webapp.to_do_list",
  "pk": 19,
  "fields": {
    "summary": "\u041f\u0440\u043e\u0432\u0435\u0440\u044f\u0435\u043c \u0432\u044b\u043a\u0438\u043d\u0435\u0442 \u043b\u0438 \u043f\u043e\u043b\u0435 \u044d\u0442\u043e \u0438\u0437 \u0441\u043f\u0438\u0441\u043a\u0430",
    "description": "\u0444\u044b\u0432\u0444\u044b\u0432\u0444\u044b\u0432\u044b\u0444\u0432\u0444\u044b\u0444\u044b\u0432",
    "status": 2,
    "project": 1,
    "created_at": "2020-08-14T20:02:43.604Z",
    "updated_at": "2020-08-14T20:02:43.604Z",
    "issue": [
      2
    ]
  }
},
{
  "model": "webapp.to_do_list",
  "pk": 21,
  "fields": {
    "summary": "testtesttest",
    "description": "kekwasdasdasdas",
    "status": 2,
    "project": 1,
    "created_at": "2020-08-22T11:24:39.725Z",
    "updated_at": "2020-08-22T11:24:39.725Z",
    "issue": [
      2,
      3
    ]
  }
},
{
  "model": "webapp.to_do_list",
  "pk": 22,
  "fields": {
    "summary": "\u0442\u0435\u0441\u0442\u043e\u0432\u044b\u0435 \u0434\u0430\u043d\u043d\u044b\u043a",
    "description": "\u0444\u0432\u0444\u044b\u0432\u0444\u0432\u0444\u044b\u0432\u0444\u044b\u0432",
    "status": 2,
    "project": 2,
    "created_at": "2020-08-23T09:00:12.592Z",
    "updated_at": "2020-08-24T12:49:38.232Z",
    "issue": [
      1,
      2
    ]
  }
},
{
  "model": "webapp.to_do_list",
  "pk": 23,
  "fields": {
    "summary": "new_test_for",
    "description": "asdasdasdadadas",
    "status": 2,
    "project": 2,
    "created_at": "2020-08-23T09:31:10.565Z",
    "updated_at": "2020-08-23T09:31:10.565Z",
    "issue": []
  }
},
{
  "model": "webapp.to_do_list",
  "pk": 24,
  "fields": {
    "summary": "testArtursdasd",
    "description": "lol kek cheburek",
    "status": 2,
    "project": 2,
    "created_at": "2020-08-24T12:47:16.499Z",
    "updated_at": "2020-08-24T12:47:16.499Z",
    "issue": []
  }
},
{
  "model": "webapp.to_do_list",
  "pk": 25,
  "fields": {
    "summary": "testTESTTEST",
    "description": "dasdasdssdasdasdasd",
    "status": 1,
    "project": 2,
    "created_at": "2020-08-24T12:51:25.383Z",
    "updated_at": "2020-08-24T12:51:25.383Z",
    "issue": []
  }
},
{
  "model": "webapp.to_do_list",
  "pk": 26,
  "fields": {
    "summary": "getsuccestask",
    "description": "lolololololololol",
    "status": 2,
    "project": 2,
    "created_at": "2020-08-24T12:54:17.514Z",
    "updated_at": "2020-08-24T12:54:17.514Z",
    "issue": []
  }
},
{
  "model": "webapp.to_do_list",
  "pk": 29,
  "fields": {
    "summary": "kkasjdkasjdladjalkdkjas",
    "description": "asdjasldajsdakljdkla",
    "status": 2,
    "project": 2,
    "created_at": "2020-08-24T13:08:21.136Z",
    "updated_at": "2020-08-24T13:08:21.136Z",
    "issue": []
  }
},
{
  "model": "webapp.to_do_list",
  "pk": 30,
  "fields": {
    "summary": "kekekekekekekekekek",
    "description": "kekekekekekekekke",
    "status": 2,
    "project": 2,
    "created_at": "2020-08-24T13:18:15.918Z",
    "updated_at": "2020-08-24T13:18:15.918Z",
    "issue": []
  }
},
{
  "model": "webapp.to_do_list",
  "pk": 31,
  "fields": {
    "summary": "ahahhahahahahahaha",
    "description": "ahhahahahahahah",
    "status": 2,
    "project": 2,
    "created_at": "2020-08-24T13:20:38.535Z",
    "updated_at": "2020-08-24T13:20:38.535Z",
    "issue": []
  }
},
{
  "model": "webapp.to_do_list",
  "pk": 32,
  "fields": {
    "summary": "\u041e\u0447\u0435\u0440\u0435\u0434\u043d\u043e\u0439 \u0442\u0435\u0441\u0442",
    "description": "\u0444\u044b\u0432\u0444\u044b\u0432\u0444\u044b\u0432\u0444\u0432\u0444\u044b\u0432\u0444\u044b\u0432\u0444",
    "status": 2,
    "project": 2,
    "created_at": "2020-08-24T13:53:43.466Z",
    "updated_at": "2020-08-24T13:53:43.466Z",
    "issue": []
  }
},
{
  "model": "webapp.to_do_list",
  "pk": 33,
  "fields": {
    "summary": "\u0435\u0449\u0435 \u0442\u0435\u0441\u0442\u0438\u0438\u0438\u0438\u0438\u043a",
    "description": "\u044b\u0444\u0432\u0444\u044b\u0432\u0444\u044b\u044b\u0432\u0444\u044b\u0432\u0444\u044b\u0432\u044b\u0444",
    "status": 2,
    "project": 2,
    "created_at": "2020-08-24T13:55:10.202Z",
    "updated_at": "2020-08-24T13:55:10.202Z",
    "issue": []
  }
},
{
  "model": "webapp.to_do_list",
  "pk": 34,
  "fields": {
    "summary": "\u0439\u0446\u0446\u0439\u0443\u0448\u043e\u0444\u0432\u0448\u0444\u044b\u043e\u0432\u043b\u0434\u0444\u044b\u043e\u0432\u0444\u044b\u043b\u043e\u0432\u0444\u043b\u0434\u044b\u0432\u043e",
    "description": "\u0444\u043b\u044b\u0432\u043e\u0444\u0434\u043b\u0432\u043e\u0444\u043b\u0434\u044b\u044b\u0432\u043e\u044b\u0444\u0434\u0432\u043e",
    "status": 2,
    "project": 2,
    "created_at": "2020-08-24T13:57:20.495Z",
    "updated_at": "2020-08-24T13:57:20.495Z",
    "issue": []
  }
},
{
  "model": "webapp.to_do_list",
  "pk": 35,
  "fields": {
    "summary": "aasdasdasdasdasdasdas",
    "description": "asdasdasdasdasdassda",
    "status": 1,
    "project": 2,
    "created_at": "2020-08-24T14:23:29.950Z",
    "updated_at": "2020-08-24T14:23:29.950Z",
    "issue": []
  }
},
{
  "model": "webapp.to_do_list",
  "pk": 36,
  "fields": {
    "summary": "DJAHKDAHDKJASHDKAHDASKJDH",
    "description": "SJHDFKJSHFSDJHFSKJFH",
    "status": 1,
    "project": 2,
    "created_at": "2020-08-24T14:25:23.675Z",
    "updated_at": "2020-08-24T14:25:23.675Z",
    "issue": []
  }
},
{
  "model": "webapp.to_do_list",
  "pk": 37,
  "fields": {
    "summary": "asjdahdkjashdkasjhdaksjdhaskjh",
    "description": "asjhdaksjdhaksjdjahk",
    "status": 1,
    "project": 2,
    "created_at": "2020-08-24T14:30:07.239Z",
    "updated_at": "2020-08-24T14:30:07.239Z",
    "issue": []
  }
},
{
  "model": "webapp.to_do_list",
  "pk": 38,
  "fields": {
    "summary": "asjdahdkjashdkasjhdaksjdhaskjhdasda",
    "description": "asjhdaksjdhaksjdjahk",
    "status": 1,
    "project": 2,
    "created_at": "2020-08-24T14:30:48.908Z",
    "updated_at": "2020-08-24T14:30:48.908Z",
    "issue": []
  }
},
{
  "model": "webapp.to_do_list",
  "pk": 39,
  "fields": {
    "summary": "asjdahdkjashdkasjhgfghgghgh",
    "description": "asjhdaksjdhaksjdjahk",
    "status": 1,
    "project": 2,
    "created_at": "2020-08-24T14:31:19.888Z",
    "updated_at": "2020-08-24T14:31:19.888Z",
    "issue": []
  }
},
{
  "model": "webapp.to_do_list",
  "pk": 43,
  "fields": {
    "summary": "kekekekkekekekeke",
    "description": "kekekekekkeke",
    "status": 1,
    "project": 2,
    "created_at": "2020-08-24T16:45:00.430Z",
    "updated_at": "2020-08-24T16:45:00.430Z",
    "issue": [
      2,
      3
    ]
  }
},
{
  "model": "webapp.statuses",
  "pk": 1,
  "fields": {
    "status": "New"
  }
},
{
  "model": "webapp.statuses",
  "pk": 2,
  "fields": {
    "status": "In Progress"
  }
},
{
  "model": "webapp.statuses",
  "pk": 3,
  "fields": {
    "status": "Done"
  }
},
{
  "model": "webapp.issues",
  "pk": 1,
  "fields": {
    "issue": "Enhancement"
  }
},
{
  "model": "webapp.issues",
  "pk": 2,
  "fields": {
    "issue": "Bug"
  }
},
{
  "model": "webapp.issues",
  "pk": 3,
  "fields": {
    "issue": "Task"
  }
},
{
  "model": "webapp.project",
  "pk": 1,
  "fields": {
    "begin_date": "2020-08-21",
    "end_date": null,
    "title": "\u0412\u0435\u0441\u044c \u0448\u043b\u0430\u043a, \u043a\u043e\u0442\u043e\u0440\u044b\u0439 \u043d\u0435 \u043f\u043e\u043d\u044f\u0442\u043d\u043e \u043a \u0447\u0435\u043c\u0443 \u043e\u0442\u043d\u043e\u0441\u0438\u0442\u0441\u044f",
    "description": "\u0422\u0443\u0442 \u043d\u0435\u0442 \u043d\u0438\u0447\u0435\u0433\u043e \u0438\u043d\u0442\u0435\u0440\u0435\u0441\u043d\u043e\u0433\u043e",
    "is_active": false,
    "team": []
  }
},
{
  "model": "webapp.project",
  "pk": 2,
  "fields": {
    "begin_date": "2020-08-23",
    "end_date": "2020-08-31",
    "title": "\u0423\u043d\u0438\u043a\u0430\u043b\u044c\u043d\u044b\u0439 \u0441\u0443\u043f\u0435\u0440\u043d\u043e\u0432\u044b\u0439 \u043f\u0440\u043e\u0435\u043a\u0442",
    "description": "\u0422\u0443\u0442 \u0431\u0443\u0434\u0435\u0442 \u043e\u0447\u0435\u043d\u044c \u043a\u0440\u0443\u0442\u043e\u0435 \u043e\u043f\u0438\u0441\u0430\u043d\u0438\u0435.",
    "is_active": true,
    "team": [
      6,
      7,
      8
    ]
  }
}
]
